Subscribers, Delay (ms)
2 Subscribers,62.07
2 Subscribers,65.93
2 Subscribers,91.01
2 Subscribers,97.50
2 Subscribers,68.38
2 Subscribers,70.77
2 Subscribers,67.61
2 Subscribers,77.63
2 Subscribers,63.32
2 Subscribers,66.83
2 Subscribers,70.84
2 Subscribers,71.85
2 Subscribers,64.87
2 Subscribers,68.23
2 Subscribers,62.42
2 Subscribers,67.34
2 Subscribers,67.87
2 Subscribers,70.47
2 Subscribers,67.76
2 Subscribers,73.79
2 Subscribers,69.21
2 Subscribers,72.27
2 Subscribers,71.33
2 Subscribers,75.23
2 Subscribers,53.80
2 Subscribers,60.33
2 Subscribers,63.99
2 Subscribers,66.82
2 Subscribers,66.78
2 Subscribers,77.04
2 Subscribers,62.97
2 Subscribers,67.86
2 Subscribers,66.65
2 Subscribers,67.49
2 Subscribers,59.77
2 Subscribers,66.27
2 Subscribers,58.62
2 Subscribers,64.07
2 Subscribers,65.96
2 Subscribers,74.38
2 Subscribers,58.35
2 Subscribers,64.32
2 Subscribers,65.16
2 Subscribers,67.66
2 Subscribers,71.36
2 Subscribers,73.96
2 Subscribers,69.11
2 Subscribers,77.37
2 Subscribers,58.06
2 Subscribers,59.62
2 Subscribers,75.94
2 Subscribers,81.83
2 Subscribers,61.48
2 Subscribers,68.11
2 Subscribers,63.67
2 Subscribers,69.27
2 Subscribers,65.33
2 Subscribers,71.11
2 Subscribers,65.89
2 Subscribers,70.24
2 Subscribers,89.84
2 Subscribers,90.04
2 Subscribers,65.81
2 Subscribers,68.66
2 Subscribers,71.59
2 Subscribers,73.66
2 Subscribers,52.09
2 Subscribers,67.53
2 Subscribers,58.16
2 Subscribers,66.88
2 Subscribers,59.94
2 Subscribers,64.85
2 Subscribers,69.94
2 Subscribers,71.39
2 Subscribers,57.03
2 Subscribers,62.25
2 Subscribers,61.25
2 Subscribers,67.43
2 Subscribers,56.68
2 Subscribers,65.23
2 Subscribers,61.83
2 Subscribers,71.08
2 Subscribers,60.89
2 Subscribers,68.98
2 Subscribers,61.11
2 Subscribers,66.96
2 Subscribers,55.74
2 Subscribers,55.78
2 Subscribers,71.04
2 Subscribers,82.16
2 Subscribers,65.71
2 Subscribers,67.79
2 Subscribers,60.20
2 Subscribers,71.76
2 Subscribers,87.48
2 Subscribers,87.61
2 Subscribers,67.40
2 Subscribers,81.34
2 Subscribers,66.35
2 Subscribers,74.35
2 Subscribers,61.10
2 Subscribers,74.43
2 Subscribers,62.49
2 Subscribers,69.47
2 Subscribers,63.08
2 Subscribers,71.43
2 Subscribers,70.99
2 Subscribers,71.20
2 Subscribers,68.00
2 Subscribers,75.03
2 Subscribers,63.79
2 Subscribers,70.63
2 Subscribers,69.55
2 Subscribers,70.65
2 Subscribers,64.66
2 Subscribers,70.96
2 Subscribers,67.05
2 Subscribers,67.93
2 Subscribers,57.78
2 Subscribers,63.27
2 Subscribers,64.70
2 Subscribers,71.25
2 Subscribers,77.93
2 Subscribers,78.54
2 Subscribers,69.43
2 Subscribers,70.76
2 Subscribers,63.97
2 Subscribers,72.35
2 Subscribers,57.72
2 Subscribers,58.88
2 Subscribers,67.53
2 Subscribers,70.83
2 Subscribers,56.75
2 Subscribers,66.09
2 Subscribers,61.68
2 Subscribers,69.57
2 Subscribers,73.55
2 Subscribers,74.48
2 Subscribers,67.37
2 Subscribers,68.88
2 Subscribers,75.34
2 Subscribers,83.75
2 Subscribers,67.71
2 Subscribers,71.18
2 Subscribers,63.44
2 Subscribers,64.00
2 Subscribers,62.15
2 Subscribers,70.88
2 Subscribers,58.26
2 Subscribers,67.59
2 Subscribers,57.50
2 Subscribers,71.11
2 Subscribers,49.87
2 Subscribers,71.38
2 Subscribers,67.86
2 Subscribers,80.28
2 Subscribers,64.48
2 Subscribers,68.10
2 Subscribers,64.24
2 Subscribers,72.52
2 Subscribers,56.02
2 Subscribers,68.82
2 Subscribers,58.57
2 Subscribers,70.15
2 Subscribers,57.56
2 Subscribers,68.89
2 Subscribers,64.71
2 Subscribers,71.83
2 Subscribers,65.01
2 Subscribers,69.69
2 Subscribers,64.39
2 Subscribers,80.90
2 Subscribers,66.31
2 Subscribers,66.61
2 Subscribers,61.27
2 Subscribers,69.34
2 Subscribers,85.38
2 Subscribers,86.42
2 Subscribers,63.82
2 Subscribers,76.86
2 Subscribers,71.46
2 Subscribers,73.14
2 Subscribers,57.39
2 Subscribers,69.02
2 Subscribers,59.75
2 Subscribers,68.18
2 Subscribers,64.89
2 Subscribers,66.80
2 Subscribers,67.23
2 Subscribers,71.61
2 Subscribers,67.72
2 Subscribers,68.77
2 Subscribers,67.53
2 Subscribers,71.66
2 Subscribers,65.40
2 Subscribers,68.10
2 Subscribers,64.38
2 Subscribers,66.23
2 Subscribers,56.44
2 Subscribers,71.09
4 Subscribers,80.03
4 Subscribers,83.60
4 Subscribers,84.53
4 Subscribers,89.84
4 Subscribers,77.55
4 Subscribers,78.01
4 Subscribers,83.32
4 Subscribers,85.89
4 Subscribers,73.19
4 Subscribers,76.34
4 Subscribers,78.24
4 Subscribers,80.30
4 Subscribers,86.99
4 Subscribers,87.34
4 Subscribers,89.49
4 Subscribers,101.92
4 Subscribers,76.94
4 Subscribers,78.51
4 Subscribers,83.63
4 Subscribers,84.29
4 Subscribers,87.36
4 Subscribers,90.12
4 Subscribers,103.92
4 Subscribers,103.92
4 Subscribers,69.53
4 Subscribers,75.02
4 Subscribers,75.18
4 Subscribers,81.76
4 Subscribers,72.19
4 Subscribers,73.18
4 Subscribers,80.72
4 Subscribers,85.38
4 Subscribers,74.39
4 Subscribers,75.32
4 Subscribers,75.45
4 Subscribers,81.52
4 Subscribers,76.70
4 Subscribers,78.10
4 Subscribers,78.87
4 Subscribers,81.56
4 Subscribers,69.94
4 Subscribers,72.72
4 Subscribers,73.40
4 Subscribers,76.72
4 Subscribers,74.41
4 Subscribers,80.44
4 Subscribers,83.84
4 Subscribers,87.08
4 Subscribers,78.63
4 Subscribers,83.74
4 Subscribers,83.80
4 Subscribers,88.86
4 Subscribers,70.58
4 Subscribers,75.16
4 Subscribers,78.61
4 Subscribers,82.86
4 Subscribers,77.23
4 Subscribers,85.26
4 Subscribers,90.06
4 Subscribers,92.02
4 Subscribers,78.47
4 Subscribers,79.23
4 Subscribers,82.05
4 Subscribers,87.98
4 Subscribers,70.53
4 Subscribers,78.42
4 Subscribers,79.93
4 Subscribers,81.84
4 Subscribers,75.41
4 Subscribers,80.48
4 Subscribers,87.84
4 Subscribers,95.72
4 Subscribers,74.55
4 Subscribers,82.21
4 Subscribers,93.47
4 Subscribers,93.80
4 Subscribers,78.24
4 Subscribers,82.55
4 Subscribers,88.93
4 Subscribers,95.57
4 Subscribers,71.83
4 Subscribers,77.46
4 Subscribers,79.64
4 Subscribers,81.73
4 Subscribers,73.00
4 Subscribers,77.12
4 Subscribers,80.80
4 Subscribers,92.71
4 Subscribers,71.37
4 Subscribers,83.37
4 Subscribers,85.06
4 Subscribers,86.08
4 Subscribers,79.12
4 Subscribers,85.91
4 Subscribers,91.95
4 Subscribers,92.86
4 Subscribers,68.65
4 Subscribers,72.49
4 Subscribers,75.17
4 Subscribers,79.10
4 Subscribers,81.77
4 Subscribers,86.77
4 Subscribers,87.82
4 Subscribers,89.55
4 Subscribers,74.76
4 Subscribers,76.54
4 Subscribers,82.80
4 Subscribers,89.32
4 Subscribers,73.38
4 Subscribers,77.91
4 Subscribers,78.61
4 Subscribers,82.95
4 Subscribers,70.23
4 Subscribers,72.37
4 Subscribers,77.82
4 Subscribers,79.30
4 Subscribers,75.48
4 Subscribers,76.95
4 Subscribers,82.47
4 Subscribers,87.33
4 Subscribers,71.49
4 Subscribers,73.23
4 Subscribers,73.90
4 Subscribers,74.55
4 Subscribers,73.45
4 Subscribers,78.34
4 Subscribers,78.63
4 Subscribers,85.99
4 Subscribers,72.56
4 Subscribers,81.60
4 Subscribers,83.48
4 Subscribers,84.97
4 Subscribers,73.87
4 Subscribers,80.73
4 Subscribers,84.85
4 Subscribers,85.34
4 Subscribers,81.81
4 Subscribers,84.73
4 Subscribers,85.34
4 Subscribers,89.83
4 Subscribers,81.32
4 Subscribers,81.76
4 Subscribers,82.35
4 Subscribers,85.41
4 Subscribers,86.75
4 Subscribers,93.39
4 Subscribers,101.33
4 Subscribers,103.05
4 Subscribers,78.13
4 Subscribers,79.13
4 Subscribers,79.64
4 Subscribers,84.78
4 Subscribers,76.78
4 Subscribers,81.41
4 Subscribers,81.98
4 Subscribers,83.89
4 Subscribers,70.17
4 Subscribers,79.55
4 Subscribers,80.74
4 Subscribers,83.07
4 Subscribers,74.96
4 Subscribers,78.36
4 Subscribers,80.21
4 Subscribers,81.61
4 Subscribers,73.18
4 Subscribers,80.93
4 Subscribers,81.79
4 Subscribers,88.42
4 Subscribers,71.73
4 Subscribers,76.11
4 Subscribers,90.23
4 Subscribers,100.49
4 Subscribers,78.03
4 Subscribers,86.17
4 Subscribers,87.29
4 Subscribers,88.13
4 Subscribers,90.41
4 Subscribers,97.77
4 Subscribers,99.35
4 Subscribers,100.79
4 Subscribers,74.52
4 Subscribers,79.11
4 Subscribers,80.11
4 Subscribers,86.44
4 Subscribers,73.46
4 Subscribers,77.36
4 Subscribers,79.60
4 Subscribers,81.04
4 Subscribers,70.53
4 Subscribers,76.97
4 Subscribers,82.85
4 Subscribers,86.85
4 Subscribers,81.21
4 Subscribers,87.18
4 Subscribers,90.44
4 Subscribers,92.19
4 Subscribers,73.11
4 Subscribers,80.35
4 Subscribers,81.55
4 Subscribers,89.32
4 Subscribers,75.03
4 Subscribers,80.10
4 Subscribers,83.74
4 Subscribers,92.12
4 Subscribers,73.27
4 Subscribers,84.35
4 Subscribers,86.11
4 Subscribers,100.52
4 Subscribers,73.10
4 Subscribers,82.29
4 Subscribers,83.01
4 Subscribers,84.43
4 Subscribers,80.66
4 Subscribers,82.02
4 Subscribers,85.81
4 Subscribers,95.01
4 Subscribers,74.98
4 Subscribers,75.83
4 Subscribers,77.13
4 Subscribers,84.24
4 Subscribers,77.56
4 Subscribers,79.01
4 Subscribers,83.01
4 Subscribers,84.17
4 Subscribers,72.59
4 Subscribers,81.56
4 Subscribers,82.13
4 Subscribers,85.56
4 Subscribers,74.16
4 Subscribers,79.44
4 Subscribers,82.18
4 Subscribers,89.95
4 Subscribers,84.86
4 Subscribers,90.29
4 Subscribers,90.96
4 Subscribers,99.87
4 Subscribers,85.97
4 Subscribers,87.08
4 Subscribers,91.53
4 Subscribers,101.79
4 Subscribers,71.73
4 Subscribers,75.41
4 Subscribers,75.50
4 Subscribers,84.28
4 Subscribers,73.14
4 Subscribers,79.99
4 Subscribers,97.11
4 Subscribers,108.40
4 Subscribers,76.66
4 Subscribers,82.63
4 Subscribers,89.41
4 Subscribers,96.67
4 Subscribers,72.60
4 Subscribers,73.81
4 Subscribers,85.37
4 Subscribers,85.64
4 Subscribers,84.18
4 Subscribers,86.57
4 Subscribers,91.57
4 Subscribers,94.07
4 Subscribers,78.72
4 Subscribers,88.80
4 Subscribers,89.65
4 Subscribers,91.22
4 Subscribers,75.99
4 Subscribers,76.01
4 Subscribers,80.82
4 Subscribers,82.00
4 Subscribers,71.93
4 Subscribers,72.27
4 Subscribers,76.72
4 Subscribers,78.83
4 Subscribers,79.50
4 Subscribers,90.58
4 Subscribers,94.14
4 Subscribers,95.00
4 Subscribers,74.63
4 Subscribers,80.10
4 Subscribers,85.97
4 Subscribers,88.12
4 Subscribers,79.12
4 Subscribers,81.60
4 Subscribers,83.23
4 Subscribers,86.32
4 Subscribers,73.95
4 Subscribers,79.71
4 Subscribers,81.45
4 Subscribers,81.54
4 Subscribers,75.20
4 Subscribers,76.18
4 Subscribers,80.05
4 Subscribers,80.70
4 Subscribers,77.16
4 Subscribers,80.91
4 Subscribers,81.23
4 Subscribers,81.77
4 Subscribers,70.06
4 Subscribers,78.13
4 Subscribers,79.91
4 Subscribers,84.48
4 Subscribers,76.43
4 Subscribers,79.75
4 Subscribers,81.80
4 Subscribers,85.79
4 Subscribers,69.74
4 Subscribers,79.37
4 Subscribers,79.83
4 Subscribers,80.51
4 Subscribers,72.14
4 Subscribers,74.72
4 Subscribers,86.89
4 Subscribers,90.33
4 Subscribers,78.50
4 Subscribers,78.92
4 Subscribers,79.35
4 Subscribers,91.83
4 Subscribers,75.56
4 Subscribers,77.15
4 Subscribers,84.80
4 Subscribers,91.59
4 Subscribers,70.40
4 Subscribers,70.49
4 Subscribers,72.72
4 Subscribers,78.46
4 Subscribers,79.21
4 Subscribers,79.32
4 Subscribers,79.48
4 Subscribers,80.61
4 Subscribers,70.95
4 Subscribers,73.75
4 Subscribers,83.95
4 Subscribers,91.83
4 Subscribers,73.79
4 Subscribers,77.63
4 Subscribers,87.76
4 Subscribers,88.86
4 Subscribers,70.84
4 Subscribers,74.20
4 Subscribers,74.62
4 Subscribers,75.34
4 Subscribers,75.97
4 Subscribers,82.38
4 Subscribers,83.64
4 Subscribers,84.78
4 Subscribers,73.59
4 Subscribers,75.01
4 Subscribers,79.25
4 Subscribers,91.58
4 Subscribers,99.85
4 Subscribers,99.82
4 Subscribers,103.36
4 Subscribers,105.65
4 Subscribers,75.98
4 Subscribers,76.06
4 Subscribers,81.41
4 Subscribers,81.81
4 Subscribers,70.12
4 Subscribers,80.17
4 Subscribers,91.58
4 Subscribers,92.61
4 Subscribers,75.69
4 Subscribers,82.02
4 Subscribers,83.26
4 Subscribers,98.59
4 Subscribers,71.46
4 Subscribers,73.73
4 Subscribers,74.08
4 Subscribers,81.68
4 Subscribers,83.52
4 Subscribers,91.49
4 Subscribers,101.72
4 Subscribers,102.23
4 Subscribers,76.74
4 Subscribers,77.78
4 Subscribers,78.91
4 Subscribers,81.73
4 Subscribers,77.33
4 Subscribers,79.54
4 Subscribers,80.22
4 Subscribers,80.41
4 Subscribers,79.18
4 Subscribers,80.05
4 Subscribers,83.31
4 Subscribers,85.81
4 Subscribers,79.10
4 Subscribers,83.28
4 Subscribers,86.13
4 Subscribers,95.31
4 Subscribers,69.54
4 Subscribers,77.11
4 Subscribers,86.97
4 Subscribers,95.58
4 Subscribers,70.02
4 Subscribers,71.66
4 Subscribers,72.97
4 Subscribers,80.84
4 Subscribers,62.26
4 Subscribers,63.72
4 Subscribers,69.06
4 Subscribers,78.02
6 Subscribers,81.83
6 Subscribers,83.54
6 Subscribers,87.52
6 Subscribers,88.26
6 Subscribers,102.00
6 Subscribers,102.08
6 Subscribers,88.39
6 Subscribers,93.26
6 Subscribers,94.74
6 Subscribers,100.16
6 Subscribers,100.71
6 Subscribers,109.45
6 Subscribers,84.84
6 Subscribers,89.15
6 Subscribers,90.91
6 Subscribers,94.25
6 Subscribers,100.07
6 Subscribers,104.58
6 Subscribers,87.07
6 Subscribers,92.69
6 Subscribers,92.89
6 Subscribers,97.28
6 Subscribers,104.37
6 Subscribers,105.58
6 Subscribers,86.83
6 Subscribers,93.44
6 Subscribers,94.08
6 Subscribers,104.20
6 Subscribers,107.86
6 Subscribers,108.02
6 Subscribers,74.08
6 Subscribers,77.32
6 Subscribers,101.52
6 Subscribers,101.54
6 Subscribers,104.82
6 Subscribers,109.37
6 Subscribers,86.02
6 Subscribers,86.47
6 Subscribers,102.18
6 Subscribers,105.84
6 Subscribers,106.42
6 Subscribers,107.89
6 Subscribers,88.94
6 Subscribers,92.83
6 Subscribers,95.36
6 Subscribers,101.95
6 Subscribers,103.22
6 Subscribers,103.73
6 Subscribers,85.12
6 Subscribers,90.11
6 Subscribers,92.93
6 Subscribers,96.14
6 Subscribers,96.82
6 Subscribers,102.53
6 Subscribers,84.64
6 Subscribers,89.28
6 Subscribers,89.34
6 Subscribers,90.74
6 Subscribers,106.10
6 Subscribers,107.54
6 Subscribers,79.89
6 Subscribers,85.19
6 Subscribers,93.56
6 Subscribers,94.85
6 Subscribers,99.41
6 Subscribers,101.51
6 Subscribers,71.69
6 Subscribers,82.24
6 Subscribers,85.94
6 Subscribers,93.04
6 Subscribers,97.27
6 Subscribers,103.07
6 Subscribers,87.72
6 Subscribers,91.48
6 Subscribers,98.37
6 Subscribers,99.13
6 Subscribers,105.11
6 Subscribers,105.11
6 Subscribers,82.31
6 Subscribers,95.57
6 Subscribers,98.37
6 Subscribers,99.05
6 Subscribers,100.49
6 Subscribers,104.74
6 Subscribers,87.60
6 Subscribers,89.37
6 Subscribers,91.27
6 Subscribers,96.10
6 Subscribers,99.40
6 Subscribers,100.25
6 Subscribers,89.56
6 Subscribers,93.74
6 Subscribers,95.62
6 Subscribers,97.86
6 Subscribers,99.33
6 Subscribers,100.70
6 Subscribers,84.43
6 Subscribers,85.58
6 Subscribers,93.41
6 Subscribers,94.70
6 Subscribers,112.91
6 Subscribers,113.10
6 Subscribers,72.45
6 Subscribers,92.02
6 Subscribers,94.37
6 Subscribers,96.04
6 Subscribers,98.29
6 Subscribers,101.26
6 Subscribers,86.32
6 Subscribers,91.59
6 Subscribers,93.60
6 Subscribers,94.43
6 Subscribers,98.66
6 Subscribers,102.47
6 Subscribers,84.26
6 Subscribers,93.07
6 Subscribers,94.59
6 Subscribers,94.73
6 Subscribers,96.65
6 Subscribers,100.30
6 Subscribers,86.11
6 Subscribers,87.07
6 Subscribers,92.10
6 Subscribers,96.45
6 Subscribers,97.47
6 Subscribers,100.37
6 Subscribers,81.92
6 Subscribers,86.65
6 Subscribers,86.69
6 Subscribers,91.86
6 Subscribers,94.28
6 Subscribers,105.57
6 Subscribers,94.25
6 Subscribers,99.08
6 Subscribers,101.54
6 Subscribers,103.72
6 Subscribers,105.55
6 Subscribers,110.03
6 Subscribers,92.21
6 Subscribers,96.06
6 Subscribers,108.44
6 Subscribers,132.37
6 Subscribers,133.32
6 Subscribers,139.78
6 Subscribers,93.54
6 Subscribers,96.01
6 Subscribers,101.38
6 Subscribers,102.70
6 Subscribers,104.01
6 Subscribers,107.17
6 Subscribers,85.65
6 Subscribers,90.82
6 Subscribers,96.69
6 Subscribers,101.28
6 Subscribers,102.59
6 Subscribers,105.94
6 Subscribers,87.99
6 Subscribers,93.73
6 Subscribers,95.00
6 Subscribers,96.17
6 Subscribers,101.58
6 Subscribers,103.36
6 Subscribers,88.44
6 Subscribers,89.66
6 Subscribers,90.24
6 Subscribers,96.42
6 Subscribers,99.58
6 Subscribers,101.15
6 Subscribers,82.05
6 Subscribers,83.08
6 Subscribers,91.61
6 Subscribers,94.93
6 Subscribers,94.99
6 Subscribers,95.17
6 Subscribers,84.02
6 Subscribers,84.68
6 Subscribers,89.96
6 Subscribers,93.52
6 Subscribers,98.53
6 Subscribers,102.10
6 Subscribers,88.12
6 Subscribers,90.21
6 Subscribers,96.21
6 Subscribers,96.25
6 Subscribers,101.52
6 Subscribers,105.91
6 Subscribers,81.75
6 Subscribers,87.79
6 Subscribers,97.80
6 Subscribers,100.96
6 Subscribers,106.85
6 Subscribers,107.41
6 Subscribers,77.59
6 Subscribers,89.22
6 Subscribers,91.66
6 Subscribers,94.27
6 Subscribers,98.64
6 Subscribers,102.12
6 Subscribers,84.05
6 Subscribers,88.99
6 Subscribers,90.73
6 Subscribers,100.09
6 Subscribers,101.08
6 Subscribers,103.77
6 Subscribers,81.44
6 Subscribers,89.67
6 Subscribers,96.05
6 Subscribers,96.79
6 Subscribers,98.24
6 Subscribers,103.45
6 Subscribers,88.19
6 Subscribers,90.73
6 Subscribers,92.05
6 Subscribers,95.82
6 Subscribers,98.25
6 Subscribers,100.95
6 Subscribers,70.85
6 Subscribers,73.87
6 Subscribers,80.89
6 Subscribers,90.25
6 Subscribers,96.12
6 Subscribers,103.82
6 Subscribers,83.79
6 Subscribers,88.67
6 Subscribers,90.74
6 Subscribers,93.92
6 Subscribers,94.94
6 Subscribers,96.96
6 Subscribers,71.25
6 Subscribers,71.52
6 Subscribers,71.81
6 Subscribers,71.89
6 Subscribers,93.77
6 Subscribers,96.85
6 Subscribers,81.09
6 Subscribers,89.32
6 Subscribers,94.47
6 Subscribers,95.51
6 Subscribers,97.34
6 Subscribers,98.03
6 Subscribers,88.85
6 Subscribers,94.39
6 Subscribers,100.07
6 Subscribers,100.32
6 Subscribers,101.32
6 Subscribers,101.50
6 Subscribers,82.15
6 Subscribers,87.87
6 Subscribers,90.16
6 Subscribers,103.43
6 Subscribers,104.41
6 Subscribers,106.01
6 Subscribers,82.05
6 Subscribers,90.87
6 Subscribers,95.72
6 Subscribers,105.55
6 Subscribers,111.91
6 Subscribers,115.08
6 Subscribers,84.08
6 Subscribers,91.85
6 Subscribers,93.61
6 Subscribers,96.98
6 Subscribers,101.06
6 Subscribers,104.66
6 Subscribers,86.40
6 Subscribers,90.69
6 Subscribers,94.52
6 Subscribers,98.94
6 Subscribers,99.98
6 Subscribers,105.43
6 Subscribers,81.04
6 Subscribers,84.07
6 Subscribers,94.76
6 Subscribers,97.18
6 Subscribers,98.78
6 Subscribers,101.07
6 Subscribers,85.36
6 Subscribers,93.09
6 Subscribers,95.43
6 Subscribers,103.02
6 Subscribers,107.32
6 Subscribers,109.68
6 Subscribers,82.35
6 Subscribers,96.43
6 Subscribers,98.76
6 Subscribers,99.95
6 Subscribers,100.49
6 Subscribers,101.77
6 Subscribers,71.21
6 Subscribers,73.48
6 Subscribers,90.73
6 Subscribers,93.29
6 Subscribers,98.15
6 Subscribers,106.06
6 Subscribers,92.90
6 Subscribers,99.70
6 Subscribers,101.12
6 Subscribers,101.49
6 Subscribers,103.84
6 Subscribers,116.22
6 Subscribers,83.15
6 Subscribers,84.83
6 Subscribers,101.41
6 Subscribers,102.35
6 Subscribers,103.46
6 Subscribers,106.50
6 Subscribers,85.87
6 Subscribers,87.83
6 Subscribers,88.08
6 Subscribers,92.34
6 Subscribers,99.45
6 Subscribers,103.59
6 Subscribers,74.67
6 Subscribers,102.34
6 Subscribers,103.15
6 Subscribers,103.33
6 Subscribers,107.23
6 Subscribers,107.23
6 Subscribers,70.94
6 Subscribers,74.31
6 Subscribers,77.09
6 Subscribers,84.51
6 Subscribers,97.48
6 Subscribers,101.21
6 Subscribers,86.54
6 Subscribers,92.16
6 Subscribers,97.44
6 Subscribers,97.57
6 Subscribers,101.79
6 Subscribers,102.00
6 Subscribers,72.86
6 Subscribers,73.61
6 Subscribers,73.91
6 Subscribers,75.17
6 Subscribers,101.36
6 Subscribers,103.88
6 Subscribers,95.75
6 Subscribers,99.31
6 Subscribers,101.00
6 Subscribers,106.20
6 Subscribers,111.33
6 Subscribers,113.55
6 Subscribers,87.66
6 Subscribers,88.98
6 Subscribers,91.52
6 Subscribers,93.21
6 Subscribers,99.27
6 Subscribers,100.77
6 Subscribers,82.02
6 Subscribers,88.63
6 Subscribers,89.63
6 Subscribers,90.36
6 Subscribers,90.92
6 Subscribers,102.08
6 Subscribers,89.42
6 Subscribers,93.22
6 Subscribers,93.96
6 Subscribers,94.87
6 Subscribers,98.98
6 Subscribers,103.83
6 Subscribers,82.85
6 Subscribers,86.86
6 Subscribers,91.86
6 Subscribers,91.85
6 Subscribers,98.20
6 Subscribers,100.80
6 Subscribers,76.29
6 Subscribers,88.66
6 Subscribers,90.66
6 Subscribers,95.19
6 Subscribers,114.30
6 Subscribers,114.58
6 Subscribers,83.91
6 Subscribers,95.24
6 Subscribers,96.59
6 Subscribers,99.26
6 Subscribers,100.36
6 Subscribers,103.93
6 Subscribers,79.88
6 Subscribers,81.90
6 Subscribers,91.95
6 Subscribers,93.11
6 Subscribers,94.24
6 Subscribers,97.78
6 Subscribers,78.33
6 Subscribers,83.47
6 Subscribers,95.15
6 Subscribers,95.77
6 Subscribers,96.00
6 Subscribers,96.71
6 Subscribers,86.19
6 Subscribers,87.60
6 Subscribers,88.25
6 Subscribers,93.36
6 Subscribers,96.84
6 Subscribers,103.14
6 Subscribers,86.97
6 Subscribers,90.96
6 Subscribers,91.35
6 Subscribers,92.35
6 Subscribers,93.69
6 Subscribers,97.33
6 Subscribers,71.77
6 Subscribers,71.80
6 Subscribers,76.15
6 Subscribers,78.33
6 Subscribers,85.89
6 Subscribers,97.10
6 Subscribers,77.54
6 Subscribers,87.84
6 Subscribers,88.85
6 Subscribers,91.56
6 Subscribers,92.70
6 Subscribers,96.22
6 Subscribers,89.59
6 Subscribers,93.61
6 Subscribers,94.84
6 Subscribers,98.41
6 Subscribers,101.99
6 Subscribers,103.88
6 Subscribers,71.87
6 Subscribers,74.44
6 Subscribers,84.27
6 Subscribers,94.29
6 Subscribers,98.69
6 Subscribers,104.18
6 Subscribers,91.37
6 Subscribers,92.60
6 Subscribers,95.48
6 Subscribers,95.95
6 Subscribers,96.21
6 Subscribers,98.36
6 Subscribers,83.81
6 Subscribers,87.66
6 Subscribers,105.87
6 Subscribers,109.23
6 Subscribers,122.37
6 Subscribers,129.28
6 Subscribers,94.44
6 Subscribers,94.47
6 Subscribers,95.97
6 Subscribers,102.85
6 Subscribers,104.72
6 Subscribers,112.81
6 Subscribers,92.48
6 Subscribers,99.26
6 Subscribers,102.14
6 Subscribers,108.58
6 Subscribers,109.39
6 Subscribers,111.20
6 Subscribers,100.33
6 Subscribers,103.88
6 Subscribers,104.58
6 Subscribers,108.67
6 Subscribers,112.93
6 Subscribers,118.41
6 Subscribers,86.50
6 Subscribers,87.86
6 Subscribers,91.64
6 Subscribers,91.92
6 Subscribers,100.07
6 Subscribers,109.10
6 Subscribers,78.39
6 Subscribers,84.71
6 Subscribers,93.48
6 Subscribers,94.78
6 Subscribers,97.68
6 Subscribers,100.86
6 Subscribers,88.17
6 Subscribers,90.34
6 Subscribers,91.41
6 Subscribers,96.87
6 Subscribers,97.63
6 Subscribers,99.82
6 Subscribers,81.78
6 Subscribers,87.73
6 Subscribers,91.35
6 Subscribers,91.58
6 Subscribers,92.86
6 Subscribers,96.70
6 Subscribers,86.53
6 Subscribers,92.70
6 Subscribers,94.48
6 Subscribers,94.72
6 Subscribers,95.53
6 Subscribers,95.77
6 Subscribers,86.49
6 Subscribers,90.62
6 Subscribers,91.25
6 Subscribers,97.47
6 Subscribers,101.58
6 Subscribers,102.79
6 Subscribers,85.13
6 Subscribers,89.97
6 Subscribers,94.24
6 Subscribers,97.13
6 Subscribers,100.79
6 Subscribers,104.96
6 Subscribers,89.14
6 Subscribers,92.11
6 Subscribers,105.48
6 Subscribers,112.98
6 Subscribers,124.18
6 Subscribers,127.11
6 Subscribers,92.12
6 Subscribers,92.81
6 Subscribers,96.37
6 Subscribers,97.06
6 Subscribers,98.28
6 Subscribers,104.85
6 Subscribers,73.39
6 Subscribers,76.24
6 Subscribers,76.77
6 Subscribers,96.31
6 Subscribers,96.87
6 Subscribers,101.68
6 Subscribers,96.04
6 Subscribers,96.93
6 Subscribers,100.16
6 Subscribers,101.22
6 Subscribers,105.46
6 Subscribers,112.41
6 Subscribers,83.67
6 Subscribers,86.17
6 Subscribers,93.63
6 Subscribers,96.33
6 Subscribers,98.87
6 Subscribers,101.07
6 Subscribers,85.46
6 Subscribers,93.02
6 Subscribers,94.55
6 Subscribers,96.27
6 Subscribers,96.71
6 Subscribers,101.35
6 Subscribers,79.96
6 Subscribers,90.50
6 Subscribers,92.31
6 Subscribers,94.76
6 Subscribers,96.51
6 Subscribers,99.24
6 Subscribers,93.73
6 Subscribers,96.73
6 Subscribers,97.01
6 Subscribers,102.58
6 Subscribers,105.68
6 Subscribers,109.88
6 Subscribers,85.66
6 Subscribers,89.75
6 Subscribers,94.25
6 Subscribers,95.20
6 Subscribers,95.77
6 Subscribers,100.01
6 Subscribers,80.15
6 Subscribers,82.39
6 Subscribers,89.15
6 Subscribers,90.70
6 Subscribers,107.62
6 Subscribers,107.95
6 Subscribers,80.71
6 Subscribers,83.40
6 Subscribers,97.13
6 Subscribers,99.85
6 Subscribers,103.09
6 Subscribers,110.16
6 Subscribers,103.42
6 Subscribers,103.59
6 Subscribers,105.08
6 Subscribers,105.20
6 Subscribers,106.42
6 Subscribers,109.61
6 Subscribers,90.32
6 Subscribers,93.78
6 Subscribers,98.50
6 Subscribers,98.81
6 Subscribers,99.59
6 Subscribers,106.88
6 Subscribers,75.73
6 Subscribers,76.93
6 Subscribers,88.16
6 Subscribers,89.19
6 Subscribers,103.40
6 Subscribers,104.23
6 Subscribers,79.68
6 Subscribers,83.39
6 Subscribers,92.45
6 Subscribers,95.23
6 Subscribers,95.26
6 Subscribers,101.29
6 Subscribers,82.32
6 Subscribers,88.17
6 Subscribers,95.38
6 Subscribers,97.15
6 Subscribers,107.72
6 Subscribers,108.78
6 Subscribers,78.17
6 Subscribers,80.48
6 Subscribers,81.39
6 Subscribers,83.45
6 Subscribers,87.65
6 Subscribers,87.75
8 Subscribers,67.13
8 Subscribers,67.34
8 Subscribers,76.90
8 Subscribers,102.03
8 Subscribers,107.80
8 Subscribers,113.44
8 Subscribers,113.46
8 Subscribers,115.91
8 Subscribers,87.11
8 Subscribers,113.73
8 Subscribers,114.84
8 Subscribers,118.24
8 Subscribers,123.30
8 Subscribers,126.25
8 Subscribers,138.28
8 Subscribers,143.08
8 Subscribers,87.11
8 Subscribers,93.68
8 Subscribers,96.62
8 Subscribers,109.32
8 Subscribers,113.69
8 Subscribers,117.51
8 Subscribers,117.79
8 Subscribers,118.43
8 Subscribers,90.25
8 Subscribers,110.15
8 Subscribers,110.66
8 Subscribers,111.53
8 Subscribers,114.12
8 Subscribers,114.11
8 Subscribers,114.82
8 Subscribers,118.10
8 Subscribers,91.69
8 Subscribers,102.58
8 Subscribers,107.23
8 Subscribers,108.32
8 Subscribers,112.58
8 Subscribers,114.25
8 Subscribers,116.07
8 Subscribers,118.60
8 Subscribers,87.42
8 Subscribers,92.34
8 Subscribers,111.21
8 Subscribers,111.43
8 Subscribers,115.58
8 Subscribers,115.68
8 Subscribers,118.48
8 Subscribers,119.09
8 Subscribers,98.09
8 Subscribers,105.28
8 Subscribers,106.51
8 Subscribers,113.57
8 Subscribers,114.86
8 Subscribers,115.03
8 Subscribers,115.31
8 Subscribers,117.98
8 Subscribers,90.18
8 Subscribers,92.02
8 Subscribers,111.91
8 Subscribers,114.57
8 Subscribers,114.61
8 Subscribers,116.19
8 Subscribers,118.57
8 Subscribers,118.90
8 Subscribers,99.62
8 Subscribers,103.26
8 Subscribers,104.44
8 Subscribers,106.54
8 Subscribers,111.81
8 Subscribers,112.23
8 Subscribers,121.49
8 Subscribers,123.10
8 Subscribers,91.70
8 Subscribers,92.93
8 Subscribers,106.40
8 Subscribers,111.48
8 Subscribers,112.23
8 Subscribers,122.57
8 Subscribers,127.34
8 Subscribers,129.24
8 Subscribers,90.99
8 Subscribers,126.46
8 Subscribers,130.88
8 Subscribers,146.22
8 Subscribers,146.97
8 Subscribers,150.54
8 Subscribers,150.88
8 Subscribers,151.30
8 Subscribers,84.05
8 Subscribers,98.71
8 Subscribers,99.13
8 Subscribers,106.51
8 Subscribers,117.47
8 Subscribers,118.05
8 Subscribers,122.34
8 Subscribers,124.52
8 Subscribers,89.02
8 Subscribers,103.07
8 Subscribers,114.05
8 Subscribers,114.25
8 Subscribers,118.10
8 Subscribers,118.48
8 Subscribers,120.66
8 Subscribers,121.26
8 Subscribers,75.82
8 Subscribers,88.76
8 Subscribers,108.20
8 Subscribers,108.36
8 Subscribers,118.74
8 Subscribers,122.60
8 Subscribers,126.81
8 Subscribers,127.92
8 Subscribers,94.14
8 Subscribers,101.16
8 Subscribers,109.55
8 Subscribers,112.87
8 Subscribers,113.08
8 Subscribers,116.01
8 Subscribers,116.01
8 Subscribers,116.75
8 Subscribers,100.01
8 Subscribers,104.36
8 Subscribers,107.15
8 Subscribers,110.32
8 Subscribers,124.13
8 Subscribers,125.46
8 Subscribers,126.37
8 Subscribers,131.48
8 Subscribers,95.73
8 Subscribers,99.60
8 Subscribers,105.58
8 Subscribers,109.73
8 Subscribers,112.61
8 Subscribers,113.37
8 Subscribers,116.65
8 Subscribers,117.23
8 Subscribers,72.65
8 Subscribers,101.75
8 Subscribers,110.19
8 Subscribers,110.53
8 Subscribers,111.91
8 Subscribers,117.14
8 Subscribers,118.59
8 Subscribers,124.37
8 Subscribers,72.31
8 Subscribers,97.38
8 Subscribers,106.58
8 Subscribers,109.18
8 Subscribers,109.55
8 Subscribers,114.09
8 Subscribers,120.02
8 Subscribers,126.84
8 Subscribers,94.36
8 Subscribers,97.68
8 Subscribers,100.88
8 Subscribers,104.21
8 Subscribers,113.90
8 Subscribers,114.21
8 Subscribers,122.68
8 Subscribers,124.60
8 Subscribers,99.86
8 Subscribers,101.86
8 Subscribers,109.28
8 Subscribers,113.22
8 Subscribers,121.16
8 Subscribers,122.08
8 Subscribers,122.97
8 Subscribers,124.51
8 Subscribers,73.43
8 Subscribers,73.48
8 Subscribers,96.91
8 Subscribers,99.81
8 Subscribers,120.34
8 Subscribers,92.52
8 Subscribers,171.69
8 Subscribers,182.24
8 Subscribers,100.18
8 Subscribers,106.09
8 Subscribers,110.77
8 Subscribers,113.12
8 Subscribers,113.98
8 Subscribers,119.72
8 Subscribers,120.49
8 Subscribers,122.29
8 Subscribers,99.75
8 Subscribers,113.36
8 Subscribers,121.00
8 Subscribers,128.43
8 Subscribers,131.55
8 Subscribers,132.24
8 Subscribers,134.60
8 Subscribers,143.87
8 Subscribers,71.98
8 Subscribers,72.94
8 Subscribers,106.52
8 Subscribers,107.72
8 Subscribers,115.52
8 Subscribers,115.75
8 Subscribers,120.92
8 Subscribers,124.63
8 Subscribers,84.95
8 Subscribers,114.58
8 Subscribers,116.02
8 Subscribers,118.97
8 Subscribers,125.19
8 Subscribers,127.39
8 Subscribers,129.27
8 Subscribers,129.33
8 Subscribers,87.02
8 Subscribers,108.97
8 Subscribers,109.07
8 Subscribers,110.64
8 Subscribers,116.69
8 Subscribers,125.70
8 Subscribers,126.49
8 Subscribers,126.96
8 Subscribers,72.25
8 Subscribers,73.84
8 Subscribers,74.76
8 Subscribers,97.04
8 Subscribers,109.69
8 Subscribers,110.21
8 Subscribers,115.71
8 Subscribers,123.45
8 Subscribers,96.40
8 Subscribers,102.98
8 Subscribers,103.11
8 Subscribers,111.30
8 Subscribers,114.43
8 Subscribers,115.76
8 Subscribers,121.96
8 Subscribers,123.46
8 Subscribers,107.24
8 Subscribers,107.95
8 Subscribers,108.52
8 Subscribers,113.44
8 Subscribers,116.00
8 Subscribers,118.57
8 Subscribers,120.21
8 Subscribers,121.49
8 Subscribers,95.26
8 Subscribers,98.01
8 Subscribers,100.24
8 Subscribers,111.02
8 Subscribers,116.45
8 Subscribers,121.12
8 Subscribers,123.27
8 Subscribers,125.04
8 Subscribers,98.18
8 Subscribers,105.60
8 Subscribers,108.94
8 Subscribers,111.54
8 Subscribers,113.28
8 Subscribers,114.73
8 Subscribers,118.67
8 Subscribers,119.62
8 Subscribers,79.89
8 Subscribers,103.69
8 Subscribers,106.44
8 Subscribers,117.99
8 Subscribers,119.53
8 Subscribers,120.14
8 Subscribers,124.02
8 Subscribers,129.98
8 Subscribers,105.65
8 Subscribers,107.09
8 Subscribers,108.65
8 Subscribers,124.53
8 Subscribers,126.16
8 Subscribers,143.94
8 Subscribers,146.34
8 Subscribers,146.91
8 Subscribers,95.64
8 Subscribers,107.57
8 Subscribers,109.68
8 Subscribers,111.52
8 Subscribers,111.61
8 Subscribers,114.63
8 Subscribers,115.20
8 Subscribers,115.53
8 Subscribers,76.98
8 Subscribers,101.42
8 Subscribers,101.90
8 Subscribers,113.69
8 Subscribers,117.84
8 Subscribers,117.89
8 Subscribers,128.58
8 Subscribers,130.49
8 Subscribers,72.18
8 Subscribers,75.98
8 Subscribers,75.98
8 Subscribers,103.56
8 Subscribers,104.17
8 Subscribers,114.08
8 Subscribers,114.49
8 Subscribers,127.29
8 Subscribers,107.66
8 Subscribers,111.44
8 Subscribers,112.22
8 Subscribers,112.60
8 Subscribers,113.16
8 Subscribers,114.75
8 Subscribers,116.89
8 Subscribers,120.42
8 Subscribers,93.47
8 Subscribers,96.48
8 Subscribers,114.88
8 Subscribers,116.91
8 Subscribers,119.32
8 Subscribers,119.71
8 Subscribers,122.16
8 Subscribers,123.92
8 Subscribers,87.10
8 Subscribers,91.65
8 Subscribers,97.18
8 Subscribers,110.99
8 Subscribers,113.82
8 Subscribers,115.70
8 Subscribers,117.73
8 Subscribers,118.99
8 Subscribers,101.71
8 Subscribers,104.38
8 Subscribers,115.95
8 Subscribers,126.12
8 Subscribers,130.44
8 Subscribers,136.92
8 Subscribers,139.06
8 Subscribers,140.92
8 Subscribers,82.50
8 Subscribers,99.83
8 Subscribers,104.67
8 Subscribers,108.93
8 Subscribers,118.95
8 Subscribers,121.23
8 Subscribers,125.89
8 Subscribers,129.58
8 Subscribers,97.23
8 Subscribers,102.21
8 Subscribers,110.42
8 Subscribers,110.48
8 Subscribers,111.47
8 Subscribers,116.60
8 Subscribers,117.70
8 Subscribers,120.44
8 Subscribers,99.51
8 Subscribers,101.36
8 Subscribers,111.74
8 Subscribers,120.56
8 Subscribers,123.54
8 Subscribers,127.21
8 Subscribers,133.64
8 Subscribers,135.33
8 Subscribers,73.77
8 Subscribers,99.45
8 Subscribers,104.95
8 Subscribers,110.04
8 Subscribers,115.33
8 Subscribers,117.04
8 Subscribers,117.96
8 Subscribers,126.62
8 Subscribers,80.28
8 Subscribers,96.29
8 Subscribers,107.99
8 Subscribers,116.05
8 Subscribers,118.15
8 Subscribers,120.80
8 Subscribers,127.86
8 Subscribers,136.34
8 Subscribers,87.07
8 Subscribers,93.18
8 Subscribers,110.60
8 Subscribers,111.31
8 Subscribers,112.05
8 Subscribers,118.35
8 Subscribers,119.57
8 Subscribers,123.81
8 Subscribers,88.47
8 Subscribers,103.85
8 Subscribers,109.59
8 Subscribers,112.84
8 Subscribers,113.19
8 Subscribers,117.66
8 Subscribers,118.12
8 Subscribers,118.72
8 Subscribers,81.67
8 Subscribers,99.35
8 Subscribers,102.83
8 Subscribers,116.12
8 Subscribers,116.53
8 Subscribers,120.28
8 Subscribers,125.43
8 Subscribers,130.29
8 Subscribers,93.11
8 Subscribers,100.25
8 Subscribers,105.82
8 Subscribers,109.25
8 Subscribers,109.89
8 Subscribers,112.56
8 Subscribers,114.82
8 Subscribers,120.16
8 Subscribers,73.18
8 Subscribers,90.83
8 Subscribers,101.99
8 Subscribers,102.12
8 Subscribers,106.49
8 Subscribers,116.23
8 Subscribers,122.69
8 Subscribers,126.89
8 Subscribers,104.70
8 Subscribers,109.84
8 Subscribers,110.16
8 Subscribers,111.47
8 Subscribers,114.05
8 Subscribers,116.61
8 Subscribers,116.92
8 Subscribers,122.78
8 Subscribers,83.93
8 Subscribers,94.18
8 Subscribers,100.82
8 Subscribers,103.75
8 Subscribers,121.29
8 Subscribers,122.74
8 Subscribers,124.02
8 Subscribers,125.81
8 Subscribers,98.40
8 Subscribers,111.77
8 Subscribers,115.55
8 Subscribers,116.61
8 Subscribers,123.16
8 Subscribers,124.55
8 Subscribers,124.71
8 Subscribers,127.70
8 Subscribers,111.19
8 Subscribers,121.13
8 Subscribers,122.55
8 Subscribers,125.02
8 Subscribers,126.19
8 Subscribers,126.70
8 Subscribers,127.07
8 Subscribers,127.54
8 Subscribers,117.28
8 Subscribers,117.42
8 Subscribers,117.96
8 Subscribers,120.83
8 Subscribers,123.91
8 Subscribers,127.74
8 Subscribers,128.38
8 Subscribers,128.64
8 Subscribers,89.82
8 Subscribers,91.71
8 Subscribers,94.09
8 Subscribers,111.89
8 Subscribers,113.22
8 Subscribers,113.99
8 Subscribers,121.68
8 Subscribers,126.31
8 Subscribers,70.30
8 Subscribers,72.30
8 Subscribers,73.14
8 Subscribers,73.94
8 Subscribers,114.65
8 Subscribers,118.34
8 Subscribers,121.02
8 Subscribers,126.34
8 Subscribers,92.98
8 Subscribers,103.46
8 Subscribers,105.44
8 Subscribers,111.14
8 Subscribers,111.88
8 Subscribers,114.96
8 Subscribers,117.04
8 Subscribers,117.93
8 Subscribers,109.66
8 Subscribers,122.66
8 Subscribers,122.98
8 Subscribers,130.01
8 Subscribers,132.96
8 Subscribers,136.84
8 Subscribers,139.17
8 Subscribers,140.73
8 Subscribers,87.75
8 Subscribers,105.55
8 Subscribers,112.22
8 Subscribers,112.29
8 Subscribers,113.88
8 Subscribers,115.70
8 Subscribers,118.27
8 Subscribers,124.54
8 Subscribers,104.54
8 Subscribers,105.33
8 Subscribers,110.03
8 Subscribers,110.09
8 Subscribers,114.44
8 Subscribers,118.24
8 Subscribers,121.36
8 Subscribers,122.95
8 Subscribers,92.95
8 Subscribers,95.07
8 Subscribers,104.17
8 Subscribers,108.49
8 Subscribers,114.97
8 Subscribers,117.65
8 Subscribers,120.27
8 Subscribers,123.11
8 Subscribers,80.81
8 Subscribers,84.92
8 Subscribers,93.98
8 Subscribers,109.61
8 Subscribers,113.24
8 Subscribers,114.31
8 Subscribers,115.26
8 Subscribers,119.77
8 Subscribers,90.00
8 Subscribers,92.29
8 Subscribers,103.06
8 Subscribers,106.88
8 Subscribers,111.20
8 Subscribers,118.47
8 Subscribers,124.11
8 Subscribers,124.87
8 Subscribers,71.24
8 Subscribers,71.51
8 Subscribers,79.73
8 Subscribers,113.67
8 Subscribers,116.63
8 Subscribers,118.10
8 Subscribers,119.56
8 Subscribers,133.25
8 Subscribers,91.76
8 Subscribers,92.37
8 Subscribers,109.55
8 Subscribers,111.20
8 Subscribers,111.77
8 Subscribers,112.96
8 Subscribers,117.84
8 Subscribers,119.83
8 Subscribers,94.30
8 Subscribers,100.54
8 Subscribers,110.98
8 Subscribers,111.59
8 Subscribers,116.94
8 Subscribers,120.56
8 Subscribers,121.25
8 Subscribers,122.17
8 Subscribers,89.30
8 Subscribers,90.01
8 Subscribers,91.30
8 Subscribers,103.35
8 Subscribers,109.02
8 Subscribers,112.19
8 Subscribers,125.24
8 Subscribers,127.14
8 Subscribers,93.60
8 Subscribers,95.46
8 Subscribers,109.54
8 Subscribers,110.19
8 Subscribers,112.12
8 Subscribers,112.73
8 Subscribers,115.05
8 Subscribers,117.34
8 Subscribers,72.92
8 Subscribers,73.21
8 Subscribers,109.18
8 Subscribers,109.45
8 Subscribers,111.50
8 Subscribers,118.27
8 Subscribers,120.07
8 Subscribers,120.34
8 Subscribers,95.96
8 Subscribers,99.67
8 Subscribers,107.16
8 Subscribers,112.15
8 Subscribers,115.21
8 Subscribers,117.83
8 Subscribers,117.89
8 Subscribers,126.28
8 Subscribers,86.58
8 Subscribers,87.13
8 Subscribers,104.28
8 Subscribers,110.73
8 Subscribers,112.39
8 Subscribers,117.47
8 Subscribers,119.37
8 Subscribers,121.52
8 Subscribers,102.51
8 Subscribers,105.86
8 Subscribers,106.53
8 Subscribers,107.34
8 Subscribers,111.29
8 Subscribers,112.16
8 Subscribers,114.21
8 Subscribers,117.18
8 Subscribers,91.87
8 Subscribers,97.17
8 Subscribers,109.13
8 Subscribers,111.90
8 Subscribers,113.66
8 Subscribers,113.67
8 Subscribers,121.44
8 Subscribers,122.49
8 Subscribers,91.39
8 Subscribers,91.55
8 Subscribers,110.84
8 Subscribers,111.94
8 Subscribers,113.93
8 Subscribers,114.93
8 Subscribers,115.32
8 Subscribers,117.52
8 Subscribers,89.61
8 Subscribers,90.07
8 Subscribers,105.20
8 Subscribers,113.31
8 Subscribers,113.35
8 Subscribers,114.27
8 Subscribers,116.51
8 Subscribers,117.38
8 Subscribers,90.44
8 Subscribers,90.63
8 Subscribers,101.14
8 Subscribers,111.71
8 Subscribers,112.51
8 Subscribers,114.59
8 Subscribers,118.73
8 Subscribers,118.90
8 Subscribers,88.46
8 Subscribers,92.98
8 Subscribers,93.41
8 Subscribers,94.61
8 Subscribers,110.19
8 Subscribers,112.91
8 Subscribers,120.96
8 Subscribers,124.95
8 Subscribers,100.03
8 Subscribers,101.72
8 Subscribers,112.50
8 Subscribers,112.91
8 Subscribers,115.56
8 Subscribers,121.10
8 Subscribers,123.65
8 Subscribers,124.58
8 Subscribers,85.23
8 Subscribers,103.47
8 Subscribers,107.55
8 Subscribers,107.98
8 Subscribers,111.86
8 Subscribers,115.84
8 Subscribers,117.13
8 Subscribers,121.16
8 Subscribers,89.35
8 Subscribers,105.44
8 Subscribers,109.15
8 Subscribers,109.99
8 Subscribers,111.60
8 Subscribers,116.60
8 Subscribers,125.39
8 Subscribers,126.25
8 Subscribers,71.88
8 Subscribers,73.39
8 Subscribers,76.74
8 Subscribers,80.86
8 Subscribers,89.46
8 Subscribers,108.98
8 Subscribers,121.61
8 Subscribers,131.27
8 Subscribers,95.38
8 Subscribers,107.27
8 Subscribers,107.33
8 Subscribers,107.74
8 Subscribers,113.72
8 Subscribers,114.37
8 Subscribers,117.03
8 Subscribers,120.69
8 Subscribers,85.44
8 Subscribers,116.23
8 Subscribers,122.41
8 Subscribers,124.28
8 Subscribers,125.45
8 Subscribers,128.64
8 Subscribers,133.68
8 Subscribers,137.03
8 Subscribers,89.69
8 Subscribers,94.96
8 Subscribers,96.41
8 Subscribers,103.50
8 Subscribers,116.25
8 Subscribers,123.90
8 Subscribers,130.74
8 Subscribers,143.90
8 Subscribers,90.27
8 Subscribers,110.20
8 Subscribers,115.95
8 Subscribers,120.68
8 Subscribers,124.68
8 Subscribers,126.92
8 Subscribers,131.73
8 Subscribers,132.10
8 Subscribers,101.86
8 Subscribers,103.81
8 Subscribers,106.17
8 Subscribers,109.64
8 Subscribers,114.25
8 Subscribers,121.62
8 Subscribers,125.00
8 Subscribers,130.46
8 Subscribers,93.89
8 Subscribers,94.41
8 Subscribers,99.62
8 Subscribers,110.69
8 Subscribers,112.71
8 Subscribers,117.14
8 Subscribers,118.15
8 Subscribers,123.85
8 Subscribers,104.74
8 Subscribers,112.46
8 Subscribers,113.14
8 Subscribers,113.26
8 Subscribers,114.72
8 Subscribers,117.40
8 Subscribers,119.22
8 Subscribers,126.69
8 Subscribers,93.19
8 Subscribers,99.64
8 Subscribers,104.51
8 Subscribers,112.06
8 Subscribers,114.12
8 Subscribers,117.49
8 Subscribers,123.45
8 Subscribers,124.61
8 Subscribers,83.26
8 Subscribers,99.25
8 Subscribers,113.42
8 Subscribers,115.78
8 Subscribers,119.11
8 Subscribers,119.75
8 Subscribers,123.58
8 Subscribers,124.95
8 Subscribers,98.53
8 Subscribers,100.08
8 Subscribers,107.72
8 Subscribers,114.74
8 Subscribers,118.06
8 Subscribers,122.14
8 Subscribers,131.55
8 Subscribers,136.30
8 Subscribers,96.45
8 Subscribers,107.40
8 Subscribers,111.98
8 Subscribers,114.71
8 Subscribers,115.48
8 Subscribers,116.08
8 Subscribers,116.90
8 Subscribers,118.94
8 Subscribers,81.87
8 Subscribers,89.20
8 Subscribers,101.89
8 Subscribers,107.08
8 Subscribers,112.88
8 Subscribers,116.85
8 Subscribers,119.61
8 Subscribers,120.47
8 Subscribers,73.39
8 Subscribers,76.72
8 Subscribers,83.24
8 Subscribers,85.05
8 Subscribers,91.48
8 Subscribers,96.01
8 Subscribers,108.67
8 Subscribers,123.54
8 Subscribers,100.76
8 Subscribers,101.22
8 Subscribers,107.67
8 Subscribers,111.30
8 Subscribers,113.98
8 Subscribers,118.66
8 Subscribers,132.36
8 Subscribers,149.20
8 Subscribers,87.16
8 Subscribers,87.96
8 Subscribers,89.05
8 Subscribers,114.46
8 Subscribers,119.35
8 Subscribers,120.18
8 Subscribers,120.33
8 Subscribers,125.54
8 Subscribers,94.54
8 Subscribers,99.69
8 Subscribers,100.97
8 Subscribers,111.31
8 Subscribers,116.42
8 Subscribers,116.43
8 Subscribers,117.15
8 Subscribers,121.16
8 Subscribers,86.32
8 Subscribers,96.55
8 Subscribers,96.63
8 Subscribers,98.87
8 Subscribers,99.10
8 Subscribers,99.72
8 Subscribers,106.57
8 Subscribers,107.42
